code,name
005930,삼성전자
000660,SK하이닉스
373220,LG에너지솔루션
207940,삼성바이오로직스
005935,삼성전자우
012450,한화에어로스페이스
329180,HD현대중공업
005380,현대차
105560,KB금융
034020,두산에너빌리티
000270,기아
068270,셀트리온
035420,NAVER
055550,신한지주
042660,한화오션
028260,삼성물산
032830,삼성생명
402340,SK스퀘어
009540,HD한국조선해양
012330,현대모비스
035720,카카오
064350,현대로템
086790,하나금융지주
015760,한국전력
267260,HD현대일렉트릭
005490,POSCO홀딩스
011200,HMM
000810,삼성화재
138040,메리츠금융지주
051910,LG화학
316140,우리금융지주
010140,삼성중공업
010130,고려아연
096770,SK이노베이션
006400,삼성SDI
034730,SK
033780,KT&G
024110,기업은행
009150,삼성전기
259960,크래프톤
298040,효성중공업
003670,포스코퓨처엠
267250,HD현대
030200,KT
018260,삼성에스디에스
066570,LG전자
006800,미래에셋증권
086280,현대글로비스
017670,SK텔레콤
003230,삼양식품
272210,한화시스템
323410,카카오뱅크
352820,하이브
079550,LIG넥스원
003550,LG
047810,한국항공우주
443060,HD현대마린솔루션
360750,TIGER 미국S&P500
000150,두산
005830,DB손해보험
042700,한미반도체
000100,유한양행
278470,에이피알
069500,KODEX 200
459580,KODEX CD금리액티브(합성)
010120,LS ELECTRIC
047050,포스코인터내셔널
003490,대한항공
488770,KODEX 머니마켓액티브
010620,HD현대미포
326030,SK바이오팜
071050,한국금융지주
034220,LG디스플레이
090430,아모레퍼시픽
377300,카카오페이
021240,코웨이
010950,S-Oil
005940,NH투자증권
039490,키움증권
180640,한진칼
032640,LG유플러스
016360,삼성증권
000880,한화
064400,LG씨엔에스
000720,현대건설
133690,TIGER 미국나스닥100
005387,현대차2우B
029780,삼성카드
007660,이수페타시스
379800,KODEX 미국S&P500
088980,맥쿼리인프라
006260,LS
241560,두산밥캣
028050,삼성E&A
001040,CJ
357870,TIGER CD금리투자KIS(합성)
251270,넷마블
009830,한화솔루션
161390,한국타이어앤테크놀로지
036570,엔씨소프트
138930,BNK금융지주
128940,한미약품
175330,JB금융지주
011070,LG이노텍
004020,현대제철
051900,LG생활건강
454910,두산로보틱스
078930,GS
307950,현대오토에버
423160,KODEX KOFR금리액티브(합성)
271560,오리온
082740,한화엔진
011790,SKC
005385,현대차우
035250,강원랜드
381170,TIGER 미국테크TOP10 INDXX
302440,SK바이오사이언스
103140,풍산
036460,한국가스공사
031210,서울보증보험
097950,CJ제일제당
379810,KODEX 미국나스닥100
273130,KODEX 종합채권(AA-이상)액티브
450080,에코프로머티
002380,KCC
102110,TIGER 200
052690,한전기술
022100,포스코DX
062040,산일전기
278530,KODEX 200TR
012750,에스원
439260,대한조선
017800,현대엘리베이터
122630,KODEX 레버리지
071970,HD현대마린엔진
001440,대한전선
004990,롯데지주
011170,롯데케미칼
011780,금호석유화학
012510,더존비즈온
111770,영원무역
455890,RISE 머니마켓액티브
042670,HD현대인프라코어
088350,한화생명
004370,농심
381180,TIGER 미국필라델피아반도체나스닥
026960,동서
489790,한화비전
066970,엘앤에프
008930,한미사이언스
449170,TIGER KOFR금리액티브(합성)
481050,KODEX CD1년금리플러스액티브(합성)
360200,ACE 미국S&P500
000990,DB하이텍
001450,현대해상
383220,F&F
014680,한솔케미칼
003570,SNT다이내믹스
192820,코스맥스
462870,시프트업
081660,미스토홀딩스
030000,제일기획
453850,ACE 미국30년국채액티브(H)
458730,TIGER 미국배당다우존스
001720,신영증권
097230,HJ중공업
018670,SK가스
139130,iM금융지주
361610,SK아이이테크놀로지
000240,한국앤컴퍼니
051600,한전KPS
018880,한온시스템
411060,ACE KRX금현물
003690,코리안리
002790,아모레퍼시픽홀딩스
139480,이마트
367380,ACE 미국나스닥100
371460,TIGER 차이나전기차SOLACTIVE
028670,팬오션
483650,달바글로벌
336260,두산퓨얼셀
484870,엠앤씨솔루션
069960,현대백화점
034230,파라다이스
023530,롯데쇼핑
006040,동원산업
008770,호텔신라
000120,CJ대한통운
020560,아시아나항공
282330,BGF리테일
009970,영원무역홀딩스
310970,TIGER MSCI Korea TR
161890,한국콜마
112610,씨에스윈드
009420,한올바이오파마
148020,RISE 200
466920,SOL 조선TOP3플러스
004170,신세계
103590,일진전기
017960,한국카본
214980,KODEX 단기채권PLUS
317450,명인제약
161510,PLUS 고배당주
007310,오뚜기
385540,RISE 종합채권(A-이상)액티브
102780,KODEX 삼성그룹
267270,HD현대건설기계
010060,OCI홀딩스
233740,KODEX 코스닥150레버리지
023590,다우기술
005850,에스엘
204320,HL만도
375500,DL이앤씨
077970,STX엔진
006360,GS건설
252670,KODEX 200선물인버스2X
006280,녹십자
069620,대웅제약
353200,대덕전자
047040,대우건설
100090,SK오션플랜트
000155,두산우
453540,TIGER 25-10 회사채(A+이상)액티브
395400,SK리츠
007070,GS리테일
085620,미래에셋생명
004800,효성
457190,이수스페셜티케미컬
477080,RISE CD금리액티브(합성)
032350,롯데관광개발
476550,TIGER 미국30년국채커버드콜액티브(H)
003540,대신증권
073240,금호타이어
011210,현대위아
000080,하이트진로
294870,HDC현대산업개발
007340,DN오토모티브
300720,한일시멘트
610063,메리츠 KIS CD금리투자 ETN
005070,코스모신소재
082640,동양생명
449450,PLUS K방산
003530,한화투자증권
003090,대웅
371160,TIGER 차이나항셍테크
001800,오리온홀딩스
005440,현대지에프홀딩스
137310,에스디바이오센서
368590,RISE 미국나스닥100
292150,TIGER TOP10
457480,ACE 테슬라밸류체인액티브
229640,LS에코에너지
075580,세진중공업
004000,롯데정밀화학
036530,SNT홀딩스
001120,LX인터내셔널
229200,KODEX 코스닥150
305720,KODEX 2차전지산업
020150,롯데에너지머티리얼즈
192400,쿠쿠홀딩스
494900,TIGER 25-12 금융채(AA-이상)
185750,종근당
330590,롯데리츠
294400,KIWOOM 200TR
379780,RISE 미국S&P500
415640,KB발해인프라
365550,ESR켄달스퀘어리츠
192080,더블유게임즈
100840,SNT에너지
051915,LG화학우
451540,TIGER 종합채권(AA-이상)액티브
473290,KODEX 26-12 회사채(AA-이상)액티브
280360,롯데웰푸드
089860,롯데렌탈
009450,경동나비엔
000815,삼성화재우
005300,롯데칠성
030610,교보증권
498400,KODEX 200타겟위클리커버드콜
009240,한샘
012630,HDC
469830,SOL 초단기채권액티브
285130,SK케미칼
157450,TIGER 단기통안채
006120,SK디스커버리
700026,하나 CD금리투자 ETN
487230,KODEX 미국AI전력핵심인프라
479080,1Q 머니마켓액티브
475630,TIGER CD1년금리액티브(합성)
001740,SK네트웍스
071320,지역난방공사
091160,KODEX 반도체
436140,SOL 종합채권(AA-이상)액티브
458760,TIGER 미국배당다우존스타겟커버드콜2호
114090,GKL
760009,키움 CD금리투자 ETN
120110,코오롱인더
003240,태광산업
181710,NHN
305540,TIGER 2차전지테마
298020,효성티앤씨
064960,SNT모티브
499790,GS피앤엘
108320,LX세미콘
004490,세방전지
001430,세아베스틸지주
315930,KODEX Top5PlusTR
491080,KODEX 25-12 은행채(AAA)액티브
396500,TIGER 반도체TOP10
000500,가온전선
356540,ACE 종합채권(AA-이상)액티브
152100,PLUS 200
000670,영풍
481060,KODEX 미국30년국채타겟커버드콜(합성 H)
249420,일동제약
456600,TIMEFOLIO 글로벌AI인공지능액티브
458250,TIGER 미국30년국채스트립액티브(합성 H)
486290,TIGER 미국나스닥100타겟데일리커버드콜
465580,ACE 미국빅테크TOP7 Plus
278540,KODEX MSCI Korea TR
329200,TIGER 리츠부동산인프라
079160,CJ CGV
281820,케이씨텍
030190,NICE평가정보
248070,솔루엠
298050,HS효성첨단소재
000070,삼양홀딩스
014820,동원시스템즈
446720,SOL 미국배당다우존스
950210,프레스티지바이오파마
114800,KODEX 인버스
039130,하나투어
000210,DL
550082,N2 KIS CD금리투자 ETN
001680,대상
426030,TIMEFOLIO 미국나스닥100액티브
314250,KODEX 미국빅테크10(H)
008730,율촌화학
475150,SK이터닉스
381970,케이카
003470,유안타증권
002840,미원상사
005250,녹십자홀딩스
003850,보령
005180,빙그레
006650,대한유화
000640,동아쏘시오홀딩스
005690,파미셀
002030,아세아
007700,F&F홀딩스
214320,이노션
450140,코오롱모빌리티그룹
451800,한화리츠
069260,TKG휴켐스
484790,KODEX 미국30년국채액티브(H)
272580,TIGER 단기채권액티브
153130,KODEX 단기채권
019170,신풍제약
449180,KODEX 미국S&P500(H)
268280,미원에스씨
466940,TIGER 은행고배당플러스TOP10
003620,KG모빌리티
438330,TIGER 우량회사채액티브
293940,신한알파리츠
441640,KODEX 미국배당커버드콜액티브
001270,부국증권
195870,해성디에스
000370,한화손해보험
494670,TIGER 조선TOP10
079900,전진건설로봇
402970,ACE 미국배당다우존스
487340,ACE 머니마켓액티브
093370,후성
066575,LG전자우
057050,현대홈쇼핑
497570,TIGER 미국필라델피아AI반도체나스닥
001570,금양
000400,롯데손해보험
003030,세아제강지주
271940,일진하이솔루스
139260,TIGER 200 IT
145720,덴티움
071055,한국금융지주우
114260,KODEX 국고채3년
006380,카프로
025540,한국단자
148070,KIWOOM 국고채10년
348950,제이알글로벌리츠
105190,ACE 200
383800,LX홀딩스
439870,KODEX 국고채30년액티브
005810,풍산홀딩스
226490,KODEX 코스피
377740,바이오노트
284740,쿠쿠홈시스
090460,비에이치
002350,넥센타이어
447770,TIGER 테슬라채권혼합Fn
005420,코스모화학
385560,RISE KIS국고채30년Enhanced
471230,KODEX 국고채10년액티브
003160,디아이
005880,대한해운
010780,아이에스동서
017810,풀무원
479520,RISE KOFR금리액티브(합성)
456610,TIGER 미국달러SOFR금리액티브(합성)
336370,솔루스첨단소재
002960,한국쉘석유
016380,KG스틸
097520,엠씨넥스
390390,KODEX 미국반도체
145990,삼양사
003545,대신증권우
002020,코오롱
475720,RISE 200위클리커버드콜
006220,제주은행
016800,퍼시스
322000,HD현대에너지솔루션
580058,KB KIS CD금리투자 ETN
001500,현대차증권
093050,LF
091810,티웨이항공
034310,NICE
474220,TIGER 미국테크TOP10타겟커버드콜
003300,한일홀딩스
089590,제주항공
004690,삼천리
017940,E1
456040,OCI
462010,TIGER 2차전지소재Fn
069660,KIWOOM 200
483280,KODEX 미국AI테크TOP10타겟커버드콜
453340,현대그린푸드
498410,KODEX 금융고배당TOP10타겟위클리커버드콜
001060,JW중외제약
530031,삼성 레버리지 WTI원유 선물 ETN
455030,KODEX 미국달러SOFR금리액티브(합성)
058650,세아홀딩스
091180,KODEX 자동차
161000,애경케미칼
178920,PI첨단소재
094800,맵스리얼티1
014830,유니드
453870,TIGER 인도니프티50
476800,KODEX 한국부동산리츠인프라
037270,YG PLUS
009410,태영건설
449190,KODEX 미국나스닥100(H)
487240,KODEX AI전력핵심설비
454780,KIWOOM 종합채권(AA-이상)액티브
472870,RISE 미국30년국채엔화노출(합성 H)
002240,고려제강
364980,TIGER 2차전지TOP10
033240,자화전자
446770,ACE 글로벌반도체TOP4 Plus
460860,동국제강
438080,ACE 미국S&P500채권혼합액티브
072710,농심홀딩스
183190,아세아시멘트
007810,코리아써키트
455850,SOL AI반도체소부장
016590,신대양제지
005610,SPC삼립
009900,명신산업
329750,TIGER 미국달러단기채권액티브
029530,신도리코
026890,스틱인베스트먼트
476810,KODEX 25-11 은행채(AA-이상)PLUS액티브
453810,KODEX 인도Nifty50
344820,KCC글라스
357120,코람코라이프인프라리츠
090435,아모레퍼시픽우
024720,콜마홀딩스
170900,동아에스티
293180,HANARO 200
192650,드림텍
451000,PLUS 종합채권(AA-이상)액티브
002710,TCC스틸
251350,KODEX MSCI선진국
105630,한세실업
365780,ACE 국고채10년
272450,진에어
437080,KODEX 미국종합채권ESG액티브(H)
494890,KODEX 200액티브
004700,조광피혁
500019,신한 레버리지 WTI원유 선물 ETN(H)
480260,TIGER 27-04회사채(A+이상)액티브
001530,DI동일
016610,DB증권
432320,KB스타리츠
018250,애경산업
448730,삼성FN리츠
499660,TIGER CD금리플러스액티브(합성)
448290,TIGER 미국S&P500(H)
029460,케이씨
005389,현대차3우B
003280,흥아해운
441680,TIGER 미국나스닥100커버드콜(합성)
130660,한전산업
403550,쏘카
475560,더본코리아
363570,KODEX 장기종합채권(AA-이상)액티브
494300,KODEX 미국나스닥100데일리커버드콜OTM
027410,BGF
102970,KODEX 증권
015360,INVENI
482730,TIGER 미국S&P500타겟데일리커버드콜
011930,신성이엔지
245710,ACE 베트남VN30(합성)
104700,한국철강
456880,ACE 미국달러SOFR금리(합성)
251600,PLUS 고배당주채권혼합
084010,대한제강
001940,KISCO홀딩스
473330,SOL 미국30년국채커버드콜(합성)
489250,KODEX 미국배당다우존스
060980,HL홀딩스
003520,영진약품
395270,HANARO Fn K-반도체
034120,SBS
126560,현대퓨처넷
003000,부광약품
003960,사조대림
006390,한일현대시멘트
017860,DS단석
001200,유진투자증권
031430,신세계인터내셔날
306200,세아제강
001390,KG케미칼
434730,HANARO 원자력iSelect
466950,TIGER 글로벌AI액티브
034830,한국토지신탁
016880,웅진
395160,KODEX AI반도체
439860,KODEX ESG종합채권(A-이상)액티브
228790,TIGER 화장품
001820,삼화콘덴서
241590,화승엔터프라이즈
020000,한섬
132030,KODEX 골드선물(H)
000157,두산2우B
005945,NH투자증권우
000320,노루홀딩스
013890,지누스
462330,KODEX 2차전지산업레버리지
025860,남해화학
005090,SGC에너지
084690,대상홀딩스
196230,RISE 단기통안채
900140,엘브이엠씨홀딩스
388420,RISE 비메모리반도체액티브
002310,아세아제지
003120,일성아이에스
570090,한투 KIS CD금리투자 ETN
003920,남양유업
007690,국도화학
286940,롯데이노베이트
475080,KODEX 테슬라커버드콜채권혼합액티브
302190,TIGER 중장기국채
001510,SK증권
385550,RISE 단기채권알파액티브
017390,서울가스
477050,PLUS 머니마켓액티브
139230,TIGER 200 중공업
012030,DB
033270,유나이티드제약
476450,KIWOOM 머니마켓액티브
002320,한진
091170,KODEX 은행
476760,ACE 미국30년국채액티브
473460,KODEX 미국서학개미
009290,광동제약
091230,TIGER 반도체
434060,KODEX TDF2050액티브
008060,대덕
092790,넥스틸
006110,삼아알미늄
008490,서흥
377190,디앤디플랫폼리츠
105840,우진
279530,KODEX 고배당주
241180,TIGER 일본니케이225
394660,TIGER 글로벌자율주행&전기차SOLACTIVE
005720,넥센
126720,수산인더스트리
088260,이리츠코크렙
200880,서연이화
035150,백산
490490,SOL 미국배당미국채혼합50
003220,대원제약
009160,SIMPAC
448300,TIGER 미국나스닥100(H)
194370,제이에스코퍼레이션
472160,TIGER 미국테크TOP10 INDXX(H)
442320,RISE 글로벌원자력
009680,모토닉
273140,KODEX 단기변동금리부채권액티브
000680,LS네트웍스
123890,한국자산신탁
092230,KPX홀딩스
490590,RISE 미국AI밸류체인데일리고정커버드콜
472170,TIGER 미국테크TOP10채권혼합
423920,TIGER 미국필라델피아반도체레버리지(합성)
078520,에이블씨엔씨
011760,현대코퍼레이션
361580,RISE 200TR
002810,삼영무역
394670,TIGER 글로벌리튬&2차전지SOLACTIVE(합성)
438100,ACE 미국나스닥100미국채혼합50액티브
010690,화신
261260,KODEX 미국달러선물인버스2X
122900,아이마켓코리아
015860,일진홀딩스
304660,KODEX 미국30년국채울트라선물(H)
009470,삼화전기
491010,TIGER 글로벌AI전력인프라액티브
226320,잇츠한불
005500,삼진제약
458260,TIGER 미국투자등급회사채액티브(H)
481180,SOL 미국AI소프트웨어
138490,코오롱ENP
417310,코람코더원리츠
004360,세방
136490,선진
251340,KODEX 코스닥150선물인버스
284430,KODEX 200미국채혼합
520009,미래에셋 레버리지 원유선물혼합 ETN(H)
462900,KoAct 바이오헬스케어액티브
001790,대한제당
138520,TIGER 삼성그룹펀더멘털
009155,삼성전기우
108670,LX하우시스
002900,TYM
491610,1Q CD금리액티브(합성)
214420,토니모리
000540,흥국화재
003350,한국화장품제조
461490,RISE 글로벌자산배분액티브
467940,KODEX 25-11 회사채(A+이상)액티브
001340,PKC
007570,일양약품
495850,KODEX 코리아밸류업
000490,대동
329650,KODEX TRF3070
001130,대한제분
461270,ACE 26-06 회사채(AA-이상)액티브
484880,SOL 금융지주플러스고배당
463290,1Q 단기금융채액티브
037710,광주신세계
004980,성신양회
096760,JW홀딩스
051905,LG생활건강우
007160,사조산업
025000,KPX케미칼
001460,BYC
409820,KODEX 미국나스닥100레버리지(합성 H)
463250,TIGER K방산&우주
277630,TIGER 코스피
010580,에스엠벡셀
464240,KIWOOM 26-09회사채(AA-이상)액티브
001630,종근당홀딩스
053210,스카이라이프
001230,동국홀딩스
004430,송원산업
210980,SK디앤디
448540,ACE 엔비디아채권혼합
570022,한투 레버리지 S&P500 선물 ETN(H)
435420,TIGER 미국나스닥100채권혼합Fn
000430,대원강업
295040,SOL 200TR
003200,일신방직
488980,SOL 26-12 회사채(AA-이상)액티브
144600,KODEX 은선물(H)
000140,하이트진로홀딩스
033920,무학
001750,한양증권
000480,CR홀딩스
481190,SOL 미국테크TOP10
006340,대원전선
117580,대성에너지
053690,한미글로벌
010820,퍼스텍
298690,에어부산
005010,휴스틸
271980,제일약품
102460,이연제약
058430,포스코스틸리온
452360,SOL 미국배당다우존스(H)
143860,TIGER 헬스케어
487570,HS효성
200250,KIWOOM 인도Nifty50(합성)
475050,ACE KPOP포커스
011500,한농화성
000520,삼일제약
030210,다올투자증권
334890,이지스밸류플러스리츠
272550,삼양패키징
039570,HDC랩스
485540,KODEX 미국AI테크TOP10
452260,한화갤러리아
044450,KSS해운
213610,KODEX 삼성그룹밸류
339770,교촌에프앤비
005680,삼영전자
001520,동양
486450,SOL 미국AI전력인프라
084680,이월드
001045,CJ우
102260,동성케미컬
002150,도화엔지니어링
005430,한국공항
006405,삼성SDI우
293480,하나제약
478150,TIMEFOLIO 글로벌우주테크&방산액티브
001080,만호제강
007460,에이프로젠
500029,신한 레버리지 은 선물 ETN(H)
004380,삼익THK
007860,서연
272560,RISE 단기국공채액티브
305080,TIGER 미국채10년선물
037560,LG헬로비전
004710,한솔테크닉스
006060,화승인더
192090,TIGER 차이나CSI300
307520,TIGER 지주회사
500077,신한 인버스0.5X S&P500 VIX S/T선물 ETN
493810,TIGER 미국AI빅테크10타겟데일리커버드콜
001250,GS글로벌
008970,KBI동양철관
364970,TIGER 바이오TOP10
213500,한솔제지
003610,방림
028100,동아지질
016580,환인제약
445290,KODEX 로봇액티브
372330,KODEX 차이나항셍테크
414780,TIGER 차이나과창판STAR50(합성)
035510,신세계 I&C
234080,JW생명과학
128820,대성산업
418660,TIGER 미국나스닥100레버리지(합성)
498270,KIWOOM 미국양자컴퓨팅
001780,알루코
036420,콘텐트리중앙
404990,신한서부티엔디리츠
003547,대신증권2우B
101530,해태제과식품
070960,모나용평
095570,AJ네트웍스
000050,경방
011000,진원생명과학
009270,신원
003650,미창석유
463050,TIMEFOLIO K바이오액티브
134380,미원화학
002100,경농
003555,LG우
400760,NH올원리츠
283580,KODEX 차이나CSI300
302450,RISE 코스피
095720,웅진씽크빅
097955,CJ제일제당 우
490090,TIGER 미국AI빅테크10
071840,롯데하이마트
480020,ACE 미국빅테크7+데일리타겟커버드콜(합성)
494310,KODEX 반도체레버리지
441800,TIMEFOLIO Korea플러스배당액티브
004090,한국석유
090350,노루페인트
100250,진양홀딩스
232080,TIGER 코스닥150
458210,KIWOOM CD금리액티브(합성)
000020,동화약품
019680,대교
472920,HK 종합채권(AA-이상)액티브
462520,조선내화
483290,KODEX 미국배당다우존스타겟커버드콜
011785,금호석유화학우
530107,삼성 인버스 2X 코스닥150 선물 ETN
033530,SJG세종
326240,RISE IT플러스
013580,계룡건설
008040,사조동아원
244580,KODEX 바이오
003070,코오롱글로벌
018470,조일알미늄
044820,코스맥스비티아이
015230,대창단조
092200,디아이씨
004560,현대비앤지스틸
157490,TIGER 소프트웨어
123690,한국화장품
083420,그린케미칼
092220,KEC
002170,삼양통상
009070,KCTC
009580,무림P&P
433330,SOL 미국S&P500
190620,ACE 단기통안채
002390,한독
003720,삼영
000300,DH오토넥스
107590,미원홀딩스
016450,한세예스24홀딩스
007110,일신석재
000390,삼화페인트
460850,동국씨엠
480030,ACE 미국500데일리타겟커버드콜(합성)
081000,일진다이아
077500,유니퀘스트
000860,강남제비스코
025820,이구산업
496020,WON 전단채플러스액티브
481430,RISE 국고채10년액티브
385510,KODEX 신재생에너지액티브
008110,대동전자
244920,에이플러스에셋
495050,RISE 코리아밸류업
014710,사조씨푸드
471990,KODEX AI반도체핵심장비
010955,S-Oil우
003460,유화증권
469070,RISE AI&로봇
492500,1Q 현대차그룹채권(A+이상)&국고통안
000970,한국주철관
136340,RISE 중기우량회사채
069460,대호에이엘
214390,경보제약
027970,한국제지
004250,NPC
068290,삼성출판사
448330,KODEX 삼성전자채권혼합
219480,KODEX 미국S&P500선물(H)
001360,삼성제약
015890,태경산업
003830,대한화섬
020120,키다리스튜디오
094280,효성ITX
000700,유수홀딩스
363280,티와이홀딩스
472150,TIGER 배당커버드콜액티브
003480,한진중공업홀딩스
298000,효성화학
031440,신세계푸드
237350,KODEX 코스피100
491620,RISE 미국테크100데일리고정커버드콜
004970,신라교역
451060,1Q K200액티브
006805,미래에셋증권우
035000,HS애드
079430,현대리바트
530111,삼성 레버리지 천연가스 선물 ETN C
464930,TIGER 글로벌혁신블루칩TOP10
004140,동방
350520,이지스레지던스리츠
319640,TIGER 골드선물(H)
182480,TIGER 미국MSCI리츠(합성 H)
008350,남선알미늄
489030,PLUS 고배당주위클리커버드콜
078000,텔코웨어
007540,샘표
002620,제일파마홀딩스
014280,금강공업
444200,SOL 코리아메가테크액티브
461950,KODEX 2차전지핵심소재10
139990,아주스틸
033180,KH 필룩스
005950,이수화학
309230,ACE 미국WideMoat동일가중
012320,경동인베스트
228810,TIGER 미디어컨텐츠
011330,유니켐
130730,KIWOOM 단기자금
004150,한솔홀딩스
019440,세아특수강
364960,TIGER BBIG
210540,디와이파워
016710,대성홀딩스
011280,태림포장
006840,AK홀딩스
024090,디씨엠
451530,TIGER 국고채30년스트립액티브
005960,동부건설
483320,ACE 엔비디아밸류체인액티브
310960,TIGER 200TR
002990,금호건설
479730,TIGER 인도빌리언컨슈머
004080,신흥
120030,조선선재
570051,한투 나스닥 100 ETN
520066,미래에셋 KRX금현물 Auto-KO-C 2810-01 ETN
063160,종근당바이오
089470,HDC현대EP
412770,TIGER 글로벌AI플랫폼액티브
014580,태경비케이
570019,한투 코스피 양매도 5% OTM ETN
500037,신한 레버리지 금 선물 ETN
267850,아시아나IDT
498180,파워 종합채권(AA-이상)액티브
332930,HANARO 200TR
007210,벽산
270810,RISE 코스닥150
610061,메리츠 3X 레버리지 국채30년 ETN
001020,페이퍼코리아
058850,KTcs
496080,TIGER 코리아밸류업
005800,신영와코루
317400,자이에스앤디
228800,TIGER 여행레저
214330,금호에이치티
017370,우신시스템
168580,ACE 중국본토CSI300
700023,하나 Solactive 2X US Tech Top 10 ETN(H)
000105,유한양행우
491230,PLUS 국공채머니마켓액티브
550092,N2 월간 레버리지 방위산업 Top5 ETN
500096,신한 인버스2X 천연가스 선물 ETN B
396520,TIGER 차이나반도체FACTSET
014160,대영포장
488500,TIGER 미국S&P500동일가중
004310,현대약품
489570,HANARO 25-12 은행채(AA+이상)액티브
101140,인바이오젠
012610,경인양행
455860,SOL 2차전지소부장Fn
448600,RISE 25-11 회사채(AA-이상)액티브
015590,DKME
010100,한국무브넥스
530036,삼성 인버스 2X WTI원유 선물 ETN
248170,샘표식품
003060,에이프로젠바이오로직스
143850,TIGER 미국S&P500선물(H)
422420,RISE 2차전지액티브
000180,성창기업지주
325010,KODEX 성장주
267290,경동도시가스
570050,한투 S&P500 선물 ETN
000230,일동홀딩스
023450,동남합성
325020,KODEX 배당가치
005870,휴니드
441540,HANARO Fn조선해운
012800,대창
011690,와이투솔루션
304940,KODEX 미국나스닥100선물(H)
002200,한국수출포장
014530,극동유화
245340,TIGER 미국다우존스30
114820,TIGER 국채3년
550044,N2 레버리지 S&P500 ETN
429000,TIGER 미국S&P500배당귀족
476750,ACE 미국30년국채엔화노출액티브(H)
367770,RISE 수소경제테마
264900,크라운제과
017550,수산세보틱스
034590,인천도시가스
438570,SOL 국고채10년
006660,삼성공조
013570,디와이
002450,삼익악기
025620,제이준코스메틱
021820,세원정공
017900,광전자
227840,현대코퍼레이션홀딩스
011700,한신기계
385720,TIMEFOLIO 코스피액티브
465610,ACE 미국빅테크TOP7 Plus레버리지(합성)
011810,STX
204480,TIGER 차이나CSI300레버리지(합성)
760016,키움 레버리지 조선TOP10 ETN
401170,RISE 메타버스
465780,마이티 26-09 특수채(AAA)액티브
495710,BNK 26-06 특수채(AAA이상)액티브
480370,씨케이솔루션
610037,메리츠 미국채30년 ETN(H)
396690,미래에셋글로벌리츠
473440,ACE 11월만기자동연장회사채AA-이상액티브
237370,KODEX 코리아배당성장채권혼합
315960,RISE 대형고배당10TR
520054,미래에셋 레버리지 코스피200 선물 ETN
013520,화승코퍼레이션
067830,세이브존I&C
002780,진흥기업
006890,태경케미컬
005740,크라운해태홀딩스
412570,TIGER 2차전지TOP10레버리지
530061,삼성 레버리지 은 선물 ETN(H)
461500,HANARO 종합채권(AA-이상)액티브
003580,HLB글로벌
008700,아남전자
019180,티에이치엔
010660,화천기계
002460,HS화성
008260,NI스틸
500099,신한 WTI원유 선물 ETN
401470,KODEX 메타버스액티브
580015,KB 레버리지 나스닥 100 ETN
119650,KC코트렐
079980,휴비스
085310,엔케이
011150,CJ씨푸드
267770,TIGER 200선물레버리지
032560,황금에스티
530055,삼성 레버리지 금 선물 ETN(H)
004840,DRB동일
001560,제일연마
058860,KTis
016740,두올
464310,TIGER 글로벌AI&로보틱스 INDXX
007280,한국특강
000590,CS홀딩스
023000,삼원강재
036580,팜스코
365000,TIGER 인터넷TOP10
002220,한일철강
395170,KODEX Top10동일가중
152870,파워 200
004890,동일산업
007980,TP
490480,SOL K방산
308620,KODEX 미국10년국채선물
278240,RISE 코스닥150선물레버리지
497880,SOL CD금리&머니마켓액티브
011390,부산산업
002600,조흥
006090,사조오양
163560,동일고무벨트
371470,TIGER 차이나바이오테크SOLACTIVE
002700,신일전자
002720,국제약품
453330,RISE 미국S&P500(H)
157500,TIGER 증권
338100,NH프라임리츠
023800,인지컨트롤스
328370,PLUS 코스피TR
480040,ACE 미국반도체데일리타겟커버드콜(합성)
010040,한국내화
530136,삼성 인버스 2X 천연가스 선물 ETN D
004960,한신공영
014790,HL D&I
411420,KODEX 미국나스닥AI테크액티브
329660,KODEX TRF5050
570082,한투 인버스 2X 코스닥150선물 ETN
465350,RISE 2차전지TOP10인버스(합성)
490600,RISE 미국배당100데일리고정커버드콜
003780,진양산업
014990,인디에프
471760,TIGER AI반도체핵심공정
014440,영보화학
150460,TIGER 중국소비테마
410870,TIMEFOLIO K컬처액티브
469170,ACE 포스코그룹포커스
427120,RISE 플랫폼테마
012690,모나리자
266160,RISE 고배당
471040,KoAct 글로벌AI&로봇액티브
096775,SK이노베이션우
006490,인스코비
010960,삼호개발
456680,TIGER 차이나전기차레버리지(합성)
500050,신한 레버리지 S&P500 선물 ETN
468380,KODEX iShares미국하이일드액티브
275980,TIGER 글로벌4차산업혁신기술(합성 H)
009200,무림페이퍼
447620,SOL 미국TOP5채권혼합40 Solactive
111380,동인기연
580016,KB 레버리지 S&P 500 선물 ETN(H)
174360,RISE 중국본토대형주CSI100
007590,동방아그로
071090,하이스틸
290130,RISE ESG사회책임투자
004830,덕성
400970,TIGER Fn메타버스
500071,신한 레버리지 코스닥 150 선물 ETN
004720,팜젠사이언스
195980,PLUS 신흥국MSCI(합성 H)
266420,KODEX 헬스케어
129260,인터지스
009180,한솔로지스틱스
111110,호전실업
475280,ACE 8월만기자동연장회사채AA-이상액티브
419890,KIWOOM 단기채권ESG액티브
570059,한투 레버리지 금 선물 ETN
006880,신송홀딩스
399110,SOL 미국S&P500ESG
001290,상상인증권
500095,신한 S&P500 VIX S/T 선물 ETN E
016090,대현
001470,삼부토건
433500,ACE 원자력TOP10
001275,부국증권우
447430,ACE 주주환원가치주액티브
473590,ACE 미국주식베스트셀러
004100,태양금속
452250,ACE 미국30년국채선물레버리지(합성 H)
001260,남광토건
078935,GS우
372910,한컴라이프케어
003560,IHQ
440640,ACE 단기채권알파액티브
004540,깨끗한나라
004450,삼화왕관
013870,지엠비코리아
426020,TIMEFOLIO 미국S&P500액티브
266360,KODEX K콘텐츠
000220,유유제약
138540,TIGER 현대차그룹+펀더멘털
009770,삼정펄프
031820,아이티센씨티에스
001380,SG글로벌
500015,신한 WTI원유 선물 ETN(H)
449770,KIWOOM 미국S&P500
005750,대림바스
002795,아모레퍼시픽홀딩스우
261270,KODEX 미국달러선물인버스
092440,기신정기
013360,일성건설
000850,화천기공
485690,RISE 미국AI밸류체인TOP3Plus
006370,대구백화점
329670,KODEX TRF7030
100220,비상교육
152380,KODEX 국채선물10년
003925,남양유업우
486830,HANARO 머니마켓액티브
024900,디와이덕양
102280,쌍방울
475350,RISE 버크셔포트폴리오TOP10
357250,미래에셋맵스리츠
530019,삼성 미국 대형 성장주 ETN
004910,조광페인트
476070,KODEX 글로벌비만치료제TOP2 Plus
580010,KB Wise 분할매매 ETN
072130,유엔젤
269540,PLUS 미국S&P500(H)
304780,HANARO 200선물레버리지
003010,혜인
002630,오리엔트바이오
252710,TIGER 200선물인버스2X
395290,HANARO Fn K-POP&미디어
203780,TIGER 미국나스닥바이오
458750,TIGER 미국배당다우존스타겟커버드콜1호
520087,미래에셋 레버리지 KRX 금현물 ETN
123320,TIGER 레버리지
003535,한화투자증권우
426150,WON 대한민국국고채액티브
700028,하나 레버리지 반도체 ETN
454320,HANARO CAPEX설비투자iSelect
009190,대양금속
091090,세원이앤씨
476690,TIGER 글로벌비만치료제TOP2Plus
013700,까뮤이앤씨
000910,유니온
233160,TIGER 코스닥150 레버리지
004920,씨아이테크
460960,ACE 글로벌인컴TOP10
133820,화인베스틸
520057,미래에셋 인버스 2X 코스닥150 선물 ETN
332500,ACE 200TR
520056,미래에셋 레버리지 코스닥150 선물 ETN
055490,테이팩스
550062,N2 레버리지 금 선물 ETN(H)
570118,한투 인버스2X천연가스선물 ETN B
359210,KODEX 코스피TR
445150,KODEX 친환경조선해운액티브
002140,고려산업
610012,메리츠 레버리지 금 선물 ETN(H)
610066,메리츠 KAP 통안채 3개월 ETN
760013,키움 레버리지 반도체TOP10 ETN
464470,PLUS 미국채30년액티브
023810,인팩
004060,SG세계물산
530067,삼성 KRX 금현물 ETN
496090,KIWOOM 코리아밸류업
437070,KODEX 아시아달러채권ESG플러스액티브
225040,TIGER 미국S&P500레버리지(합성 H)
403790,마이다스 코스피액티브
550091,N2 방위산업 Top5 ETN
120115,코오롱인더우
570106,한투 레버리지일본니케이225선물 ETN(H)
002760,보락
001550,조비
520070,미래에셋 0.5X 코스피200 선물 ETN
272910,ACE 중장기국공채액티브
464610,SOL 의료기기소부장Fn
481850,신한글로벌액티브리츠
139280,TIGER 경기방어
011300,성안머티리얼스
000890,보해양조
378850,화승알앤에이
210780,TIGER 코스피고배당
480310,TIGER 글로벌온디바이스AI
261240,KODEX 미국달러선물
018500,동원금속
004440,삼일씨엔에스
407830,에셋플러스 글로벌플랫폼액티브
155660,DSR
433980,KODEX TDF2040액티브
075180,새론오토모티브
000950,전방
004410,서울식품
760007,키움 코스피 200 TR ETN
011230,삼화전자
093240,형지엘리트
760018,키움 미국달러선물 ETN B
008870,금비
292560,TIGER 일본엔선물
570103,한투 인버스2X 나스닥100 ETN B
530134,삼성 블룸버그 인버스2X WTI원유선물 ETN B
004870,티웨이홀딩스
017040,광명전기
500082,신한 블룸버그 2X 천연가스 선물 ETN
017180,명문제약
488720,WON 종합채권(AA-이상)액티브
009835,한화솔루션우
011420,갤럭시아에스엠
211900,KODEX 코리아배당성장
580021,KB 인버스 천연가스 선물 ETN
433970,KODEX TDF2030액티브
139660,KIWOOM 미국달러선물인버스
700022,하나 Solactive US Tech Top 10 ETN(H)
466930,SOL 자동차TOP3플러스
041650,상신브레이크
453080,KIWOOM 미국나스닥100(H)
000650,천일고속
118000,메타케어
530015,삼성 미국 대형 성장주 ETN(H)
469150,ACE AI반도체포커스
003080,SB성보
012160,영흥
530131,삼성 인버스0.5X S&P500 VIX S/T선물 ETN B
377990,TIGER Fn신재생에너지
610078,메리츠 3X 레버리지 미국채30년 ETN
004770,써니전자
472830,RISE 미국30년국채커버드콜(합성)
479850,HANARO K-뷰티
006740,영풍제지
002880,대유에이텍
108450,ACE 삼성그룹섹터가중
500016,신한 금 선물 ETN(H)
123700,SJM
211560,TIGER 배당성장
010770,평화홀딩스
530119,삼성 레버리지 항셍테크 TR ETN(H) B
204450,KODEX 차이나H레버리지(H)
245360,TIGER 차이나HSCEI
047400,유니온머티리얼
019175,신풍제약우
322400,HANARO e커머스
448100,WON 200
069730,DSR제강
025750,한솔홈데코
109070,주성코퍼레이션
261220,KODEX WTI원유선물(H)
520071,미래에셋 0.5X 코스닥150 선물 ETN
520080,미래에셋 미국 테크&반도체 TOP3 ETN
461600,SOL 미국30년국채액티브(H)
000725,현대건설우
007610,선도전기
025530,SJM홀딩스
021050,서원
001620,케이비아이동국실업
001210,금호전기
090080,평화산업
476030,SOL 미국나스닥100
500020,신한 레버리지 다우존스지수 선물 ETN(H)
530104,삼성 레버리지 코스피200 선물 ETN
005305,롯데칠성우
520089,미래에셋 CAPE 실러 US Core Sector ETN
002410,범양건영
421320,PLUS 우주항공&UAM
001465,BYC우
002920,유성기업
058730,다스코
006980,우성
530020,삼성 미국 대형 가치주 ETN
051630,진양화학
423170,SOL 한국형글로벌반도체액티브
027740,마니커
023350,한국종합기술
465770,STX그린로지스
019490,엑시큐어하이트론
500069,신한 레버리지 코스피 200 선물 ETN
363580,KODEX 200IT TR
008250,이건산업
494330,ACE 라이프자산주주가치액티브
099140,KODEX 차이나H
455960,RISE 미국달러SOFR금리액티브(합성)
530115,삼성 레버리지 나스닥 100 TR ETN
025560,미래산업
520081,미래에셋 2X 미국 테크&반도체 TOP3 ETN
488080,TIGER 반도체TOP10레버리지
332940,HANARO MSCI Korea TR
495550,SOL 코리아밸류업TR
471460,KIWOOM 국고채30년액티브
009320,아진전자부품
475260,ACE 2월만기자동연장회사채AA-이상액티브
570061,한투 레버리지 은 선물 ETN
465330,RISE 2차전지TOP10
134790,시디즈
520086,미래에셋-0.5X S&P500 VIX S/T선물 ETN(H)B
010600,웰바이오텍
114100,RISE 국고채3년
500017,신한 은 선물 ETN(H)
453640,KODEX 미국S&P500헬스케어
006125,SK디스커버리우
009810,플레이그램
092780,DYP
610038,메리츠 레버리지 미국채30년 ETN(H)
487910,ACE 인도컨슈머파워액티브
003475,유안타증권우
008420,문배철강
495230,KoAct 코리아밸류업액티브
520068,미래에셋 2X 홍콩H 선물 ETN
104530,KIWOOM 고배당
023960,에쓰씨엔지니어링
278620,PLUS 단기채권액티브
530023,삼성 레버리지 China A50 선물 ETN(H)
020760,일진디스플
520072,미래에셋 미국 AI TOP3 ETN
357430,마스턴프리미어리츠
414270,ACE 글로벌자율주행액티브
145270,케이탑리츠
461340,HANARO 글로벌생성형AI액티브
026940,부국철강
474590,WON 반도체밸류체인액티브
473640,HANARO 글로벌금채굴기업
610007,메리츠 국채30년 ETN
000040,KR모터스
003465,유화증권우
520091,미래에셋 인버스 천연가스 선물 ETN B
337160,KODEX 200ESG
434960,DAISHIN343 K200
438320,TIGER 차이나항셍테크레버리지(합성 H)
496770,PLUS 글로벌방산
002360,SH에너지화학
012280,영화금속
336160,RISE 금융채액티브
500072,신한 인버스 2X 코스닥 150 선물 ETN
160580,TIGER 구리실물
461460,PLUS 국고채10년액티브
010640,진양폴리
049800,우진플라임
256750,KODEX 차이나심천ChiNext(합성)
500018,신한 구리 선물 ETN(H)
530113,삼성 레버리지 S&P500 선물 ETN
122260,KIWOOM 통안채1년
280930,KODEX 미국러셀2000(H)
530016,삼성 미국 대형 가치주 ETN(H)
475270,ACE 5월만기자동연장회사채AA-이상액티브
442570,RISE TDF2050액티브
308170,씨티알모빌리티
520077,미래에셋 -1.5X 천연가스 선물 ETN
570116,한투 블룸버그레버리지WTI원유선물 ETN B
500027,신한 인버스 2X WTI원유 선물 ETN(H)
200030,KODEX 미국S&P500산업재(합성)
453650,KODEX 미국S&P500금융
580034,KB 레버리지 FANG 플러스 ETN(H)
520074,미래에셋 미국 방위산업 TOP3 ETN
444490,WON 미국S&P500
530130,삼성 S&P500 VIX S/T 선물 ETN B
610016,메리츠 레버리지 은 선물 ETN(H)
550064,N2 레버리지 은 선물 ETN(H)
006570,대림통상
002870,신풍
580020,KB 천연가스 선물 ETN(H)
123310,TIGER 인버스
530014,삼성 China A50 선물 ETN(H)
367760,RISE 5G테크
463300,RISE 중국본토CSI300
000215,DL우
570093,한투 레버리지 천연가스 선물 ETN B
014130,한익스프레스
446070,유니드비티플러스
570069,한투 레버리지 플래티넘 선물 ETN
012200,계양전기
550093,N2 전력인프라 Top5 ETN
570029,한투 코스피 양매도 3% OTM ETN
495330,1Q 코리아밸류업
520073,미래에셋 레버리지 미국 AI TOP3 ETN
005030,부산주공
005360,모나미
550041,N2 미국 IT TOP5 ETN(H)
023150,MH에탄올
520082,미래에셋 미국 자율주행대표기업 ETN
458030,WON 국공채머니마켓액티브
388280,RISE 컨택트대표
074610,이엔플러스
419430,KODEX 차이나2차전지MSCI(합성)
009460,한창제지
580056,KB 일본 로보틱스 TOP 10 ETN
368190,HANARO Fn K-뉴딜디지털플러스
520090,미래에셋 천연가스 선물 ETN B
227540,TIGER 200 헬스케어
256440,ACE MSCI인도네시아(합성)
195930,TIGER 유로스탁스50(합성 H)
138230,KIWOOM 미국달러선물
418670,TIGER 글로벌AI사이버보안
448570,FOCUS AI코리아액티브
005320,온타이드
495040,PLUS 코리아밸류업
033250,체시스
117700,KODEX 건설
491820,HANARO 전력설비투자
475300,SOL 반도체전공정
570104,한투 일본니케이225선물 ETN(H)
024890,대원화성
475380,RISE 글로벌리얼티인컴
276970,KODEX 미국S&P500배당귀족커버드콜(합성 H)
530140,삼성 iSelect 레버리지 조선 TOP10 TR ETN
004270,남성
143210,핸즈코퍼레이션
463680,KODEX 미국S&P500테크놀로지
261250,KODEX 미국달러선물레버리지
069640,한세엠케이
011090,에넥스
298770,KODEX 한국대만IT프리미어
044380,주연테크
243880,TIGER 200IT레버리지
002070,비비안
610075,메리츠 3X 레버리지 미국채10년 ETN
006200,한국전자홀딩스
481340,RISE 미국30년국채액티브
001070,대한방직
477730,KODEX 인도타타그룹
000760,이화산업
364990,TIGER 게임TOP10
520075,미래에셋 레버리지 미국 방위산업 TOP3 ETN
440910,WON 미국우주항공방산
495940,RISE 미국AI테크액티브
352540,KODEX 일본부동산리츠(H)
489290,WON 미국빌리어네어
476850,KoAct 배당성장액티브
352560,KODEX 미국부동산리츠(H)
139220,TIGER 200 건설
002420,세기상사
003680,한성기업
550089,N2 월간 레버리지 코스피 200 선물 ETN
498860,RISE 코리아금융고배당
009140,경인전자
363510,SOL KIS단기통안채
530116,삼성 인버스 2X 나스닥 100 TR ETN
001140,국보
145210,다이나믹디자인
570081,한투 레버리지 코스닥150선물 ETN
700017,하나 레버리지 코스닥150 선물 ETN
002690,동일제강
495750,HANARO 코리아밸류업
493420,SOL 미국배당다우존스2호
448490,HANARO 32-10 국고채액티브
287180,PLUS 미국나스닥테크
428510,KODEX 차이나AI테크액티브
580022,KB 레버리지 금 선물 ETN(H)
360140,KODEX 200롱코스닥150숏선물
530106,삼성 레버리지 코스닥150 선물 ETN
332610,PLUS 미국단기회사채(AAA~A)
005820,원림
002820,SUN&L
090370,메타랩스
004365,세방우
580071,KB 인버스 2X 천연가스 선물 ETN B
167860,KIWOOM 국고채10년레버리지
332620,PLUS 미국장기우량회사채
404120,TIMEFOLIO K신재생에너지액티브
610064,메리츠 KAP 통안채 6개월 ETN
530118,삼성 코스닥 150 TR ETN
138910,KODEX 구리선물(H)
140700,KODEX 보험
411860,KIWOOM 독일DAX
760005,키움 INDXX 미국테크탑10 ETN
520047,미래에셋 인버스 2X 옥수수 선물 ETN
261070,TIGER 코스닥150바이오테크
030720,동원수산
500035,신한 레버리지 미국달러 선물 ETN
570065,한투 레버리지 베트남 VN30 선물 ETN(H)
008775,호텔신라우
610069,메리츠 KAP 레버리지 일본 엔화 ETN
520092,미래에셋 레버리지 은 선물 ETN B
101280,KODEX 일본TOPIX100
139270,TIGER 200 금융
271060,KODEX 3대농산물선물(H)
024070,WISCOM
700034,하나 레버리지 K방산TOP10 ETN
013000,세우글로벌
266370,KODEX IT
449780,KIWOOM 미국S&P500(H)
147970,TIGER 모멘텀
550084,N2 코스피 200 TR ETN
114470,KIWOOM 국고채3년
570117,한투 블룸버그인버스2XWTI원유선물 ETN B
252400,RISE 200선물레버리지
530126,삼성 코리아 밸류업 TR ETN
236350,TIGER 인도니프티50레버리지(합성)
520078,미래에셋 미국 제약 TOP3 ETN
442260,마이티 다이나믹퀀트액티브
491090,KODEX 미국테크TOP3플러스
610036,메리츠 인버스 2X 대표 농산물 선물 ETN(H)
375770,KODEX 탄소효율그린뉴딜
494410,PLUS 미국S&P500성장주
371450,TIGER 글로벌클라우드컴퓨팅INDXX
326230,RISE 내수주플러스
580047,KB 레버리지 항셍테크 선물 ETN(H) B
479620,SOL 미국AI반도체칩메이커
276650,RISE 글로벌테크놀로지(합성 H)
122090,PLUS 코스피50
400570,KODEX 유럽탄소배출권선물ICE(H)
570102,한투 레버리지 나스닥100 ETN B
520055,미래에셋 인버스 2X 코스피200 선물 ETN
457690,KODEX 33-06 국고채액티브
015020,이스타코
292190,KODEX KRX300
520050,미래에셋 인버스 2X 원유선물혼합 ETN(H)
520083,미래에셋 2X 미국 자율주행대표기업 ETN
580057,KB 일본 컨슈머 TOP 10 ETN
610008,메리츠 레버리지 국채30년 ETN
300640,RISE 게임테마
084870,TBH글로벌
415920,PLUS 글로벌희토류&전략자원생산기업
245350,TIGER 유로스탁스배당30
483340,ACE 구글밸류체인액티브
271050,KODEX WTI원유선물인버스(H)
495060,TIMEFOLIO 코리아밸류업액티브
365040,TIGER AI코리아그로스액티브
450910,SOL 코스닥150
196030,ACE 일본TOPIX레버리지(H)
700012,하나 인버스 2X 옥수수 선물 ETN(H)
580039,KB 레버리지 KOSPI 200 선물 ETN
218420,KODEX 미국S&P500에너지(합성)
570107,한투 인버스2X일본니케이225선물 ETN(H)
005110,한창
491220,PLUS 200TR
610085,메리츠 레버리지 미국채30년 스트립 ETN(H)
520065,미래에셋 -2X 미국채울트라30년 선물 ETN
530124,삼성 레버리지 일본니케이225선물 ETN(H)
014910,성문전자
002210,동성제약
760004,키움 인버스 미국달러선물 ETN
455660,ACE 미국하이일드액티브(H)
276990,KODEX 글로벌로봇(합성)
610022,메리츠 미국채10년 ETN(H)
117460,KODEX 에너지화학
486240,DAISHIN343 AI반도체&인프라액티브
003495,대한항공우
117680,KODEX 철강
001420,태원물산
473490,KIWOOM 글로벌AI반도체
007120,미래아이앤지
248270,TIGER S&P글로벌헬스케어(합성)
491700,HK 200
272570,RISE 중장기국공채액티브
169950,KODEX 차이나A50
306950,KODEX KRX300레버리지
520037,미래에셋 코스피200 선물 ETN
415340,KODEX 차이나과창판STAR50(합성)
387270,TIGER 글로벌이노베이션액티브
570055,한투 금 선물 ETN
497780,KoAct 미국천연가스인프라액티브
610001,메리츠 인플레이션 국채 ETN
580049,KB 차이나 중형주 CSI 500 ETN
520088,미래에셋 S&P500 VIX S/T 선물 ETN(H)
580048,KB 차이나 대형주 CSI 300 ETN
520076,미래에셋 1.5X 천연가스 선물 ETN
580067,KB 인도 디지털 Select 5 ETN
468630,KODEX iShares미국투자등급회사채액티브
385590,ACE ESG액티브
019685,대교우B
409810,KODEX 미국나스닥100선물인버스(H)
354500,ACE 코스닥150
088790,진도
550097,N2 레버리지 코스닥150 선물 ETN
437350,RISE 미국단기투자등급회사채액티브
483240,TIGER 미국나스닥100ETF선물
494840,TIGER 미국방산TOP10
494220,UNICORN SK하이닉스밸류체인액티브
453010,PLUS KOFR금리
453820,KODEX 인도Nifty50레버리지(합성)
459560,KODEX 테슬라밸류체인FactSet
570047,한투 FTSE100 ETN
550086,N2 미국달러 SOFR금리 플러스 ETN
289480,TIGER 200커버드콜
084670,동양고속
007815,코리아써우
445690,BNK 주주가치액티브
002025,코오롱우
459790,KIWOOM 미국성장기업30액티브
015260,에이엔피
001685,대상우
491830,TIGER 미국AI반도체팹리스
005257,녹십자홀딩스2우
469050,RISE 미국반도체NYSE(H)
008500,일정실업
483570,KCGI 미국S&P500 TOP10
010400,우진아이엔에스
500023,신한 콩 선물 ETN(H)
195970,PLUS 선진국MSCI(합성 H)
438560,SOL 국고채3년
580052,KB 인버스 2X 밀 선물 ETN
570105,한투 인버스일본니케이225선물 ETN(H)
261120,TIGER 미국달러선물인버스2X
550099,N2 레버리지 천연가스 선물 ETN
448630,RISE 삼성그룹Top3채권혼합
429760,PLUS 미국S&P500
001770,SHD
238720,ACE 일본Nikkei225(H)
250730,RISE 차이나HSCEI(H)
440650,ACE 미국달러단기채권액티브
300950,KODEX 게임산업
009310,참엔지니어링
008600,윌비스
500091,신한 33-12 국고채 플러스 ETN
580066,KB 인도 대형 성장주 Select 5 ETN
500040,신한 레버리지 구리 선물 ETN
469060,RISE 미국반도체NYSE
002355,넥센타이어1우B
610018,메리츠 국채10년 ETN
550087,N2 선진국 1등주 ETN
570054,한투 레버리지 유로스탁스50 ETN(H) B
298340,PLUS 국채선물3년
500014,신한 인버스 옥수수 선물 ETN(H)
500100,신한 금 선물 ETN
415760,SOL 차이나육성산업액티브(합성)
025890,한국주강
610088,메리츠 솔랙티브 2X WTI원유 선물 ETN(H)
700029,하나 S&P 레버리지 WTI원유 선물 ETN B
580068,KB S&P 레버리지 WTI원유 선물 ETN B
500090,신한 2X 26-05 공사채(AAA) ETN
530133,삼성 블룸버그 레버리지 WTI원유선물 ETN B
500088,신한 2X 26-05 은행채(AAA) ETN
012170,아센디오
140950,파워 코스피100
500093,신한 블룸버그 레버리지 WTI원유선물 ETN B
500089,신한 26-05 공사채(AAA) ETN
500087,신한 26-05 은행채(AAA) ETN
371150,RISE 차이나항셍테크
453950,TIGER TSMC파운드리밸류체인
610095,메리츠 2X 천연가스 선물 ETN(H)
530128,삼성 레버리지 미국다우존스 선물 ETN
580026,KB 레버리지 은 선물 ETN(H)
610047,메리츠 인버스 국채3년 ETN
700031,하나 레버리지 천연가스 선물 ETN(H)
457700,KODEX 53-09 국고채액티브
760008,키움 코스닥 150 TR ETN
520039,미래에셋 코스닥150 선물 ETN
550085,N2 코스닥 150 TR ETN
570057,한투 은 선물 ETN
322410,HANARO K고배당
530083,삼성 금 선물 ETN(H)
474920,에셋플러스 차이나일등기업포커스10액티브
483330,ACE 마이크로소프트밸류체인액티브
447660,PLUS 애플채권혼합
419650,PLUS 글로벌수소&차세대연료전지
396510,TIGER 차이나클린에너지SOLACTIVE
152500,ACE 레버리지
530064,삼성 인버스 2X 구리 선물 ETN(H)
438900,HANARO Fn K-푸드
269420,KODEX S&P글로벌인프라(합성)
433880,PLUS TDF2060액티브
700035,하나 인버스 2X K방산TOP10 ETN
570072,한투 레버리지 구리 선물 ETN
261140,TIGER 우선주
570115,한투 인버스0.5X S&P500 VIX S/T선물 ETN B
337140,KODEX 코스피대형주
550088,N2 월간 레버리지 선진국 1등주 ETN
417450,RISE 글로벌수소경제
494420,PLUS 미국배당증가성장주데일리커버드콜
580070,KB 레버리지 2차전지 TOP 10 TR ETN
213630,PLUS 미국다우존스고배당주(합성 H)
700013,하나 레버리지 콩 선물 ETN(H)
700032,하나 인버스 2X 천연가스 선물 ETN(H)
610096,메리츠 -2X 천연가스 선물 ETN(H)
530138,삼성 KRX 레버리지 2차전지 TOP10 TR ETN
449690,TIGER 한중반도체(합성)
610003,메리츠 미국 인플레이션 국채 ETN(H)
489000,PLUS 일본엔화초단기국채(합성)
354350,HANARO 글로벌럭셔리S&P(합성)
277540,ACE 아시아TOP50
530089,삼성 은 선물 ETN(H)
461910,PLUS 미국테크TOP10레버리지(합성)
139250,TIGER 200 에너지화학
530121,삼성 항셍테크 TR ETN(H) B
341850,TIGER 리츠부동산인프라채권
108675,LX하우시스우
760017,키움 조선TOP10 ETN
465660,TIGER 일본반도체FACTSET
416090,ACE 중국과창판STAR50
009440,KC그린홀딩스
000087,하이트진로2우B
550100,N2 인버스 2X 천연가스 선물 ETN
185680,KODEX 미국S&P바이오(합성)
284980,RISE 200금융
530129,삼성 인버스 2X 미국다우존스 선물 ETN
459750,RISE 글로벌주식분산액티브
494180,TIMEFOLIO 글로벌소비트렌드액티브
280320,ACE 미국IT인터넷(합성 H)
385520,KODEX 자율주행액티브
290080,RISE 200고배당커버드콜ATM
530112,삼성 S&P500 TR ETN
239660,PLUS 우량회사채50
304770,HANARO 코스닥150
130680,TIGER 원유선물Enhanced(H)
407820,에셋플러스 코리아플랫폼액티브
005725,넥센우
266410,KODEX 필수소비재
451600,PLUS 국고채30년액티브
440340,TIGER 글로벌멀티에셋TIF액티브
354240,RISE 미국고정배당우선증권
530105,삼성 인버스 2X 코스피200 선물 ETN
520079,미래에셋 레버리지 미국 제약 TOP3 ETN
139320,TIGER 금은선물(H)
610028,메리츠 레버리지 구리 선물 ETN(H)
316670,KIWOOM 코스닥150
381560,HANARO Fn전기&수소차
183700,RISE 채권혼합
152550,한국ANKOR유전
570100,한투 일본종합상사TOP5 ETN
275300,KODEX 우량주
219390,RISE 미국S&P원유생산기업(합성 H)
580043,KB 레버리지 KOSDAQ 150 선물 ETN
550069,N2 레버리지 구리 선물 ETN(H)
530063,삼성 레버리지 구리 선물 ETN(H)
091220,TIGER 은행
253250,KIWOOM 200선물레버리지
580054,KB 인버스 2X 콩 선물 ETN
071950,코아스
500024,신한 인버스 콩 선물 ETN(H)
100910,KIWOOM KRX100
001795,대한제당우
371870,ACE 차이나항셍테크
460660,RISE 미국S&P배당킹
610089,메리츠 솔랙티브 -2X WTI원유 선물 ETN(H)
550098,N2 인버스 2X 코스닥150 선물 ETN
422260,VITA MZ소비액티브
204210,스타에스엠리츠
475310,SOL 반도체후공정
250780,TIGER 코스닥150선물인버스
610040,메리츠 인버스 2X 미국채30년 ETN(H)
156080,KODEX MSCI Korea
241390,RISE V&S셀렉트밸류채권혼합
265690,ACE 러시아MSCI(합성)
700027,하나 반도체 ETN
105780,RISE 5대그룹주
102960,KODEX 기계장비
491510,파워 K-주주가치액티브
407310,HANARO 200 TOP10
337150,KODEX 200exTOP
223190,KODEX 200가치저변동
500085,신한 코스피 200 TR ETN
570052,한투 플래티넘 선물 ETN
475070,KoAct 글로벌친환경전력인프라액티브
477490,에셋플러스 글로벌일등기업포커스10액티브
530117,삼성 코스피 200 TR ETN
520038,미래에셋 인버스 코스피200 선물 ETN
500061,신한 인버스 코스피 200 선물 ETN
610025,메리츠 인버스 2X 미국채10년 ETN(H)
580055,KB 블룸버그 레버리지 천연가스 선물 ETN
417630,TIGER KEDI혁신기업ESG30
253150,PLUS 200선물레버리지
387280,TIGER 퓨처모빌리티액티브
450190,KODEX 한중반도체(합성)
442090,에셋플러스 코리아대장장이액티브
580069,KB S&P 인버스 2X WTI원유 선물 ETN B
472720,TRUSTON 주주가치액티브
700030,하나 S&P 인버스 2X WTI원유 선물 ETN B
472840,ITF 200
433220,에셋플러스 글로벌대장장이액티브
253290,RISE 헬스케어채권혼합
500094,신한 블룸버그 인버스2X WTI원유선물 ETN B
500013,신한 옥수수 선물 ETN(H)
379790,RISE 유로스탁스50(H)
291130,ACE MSCI멕시코(합성)
500056,신한 레버리지 Russell 2000 ETN
305050,ACE 코스피
570114,한투 S&P500 VIX S/T선물 ETN(H) B
226980,KODEX 200 중소형
500063,신한 인버스 코스닥 150 선물 ETN
700014,하나 인버스 2X 콩 선물 ETN(H)
385600,ACE 2차전지&친환경차액티브
457990,PLUS 태양광&ESS
471780,TIGER 코리아테크액티브
275280,KODEX 모멘텀주
520040,미래에셋 인버스 코스닥150 선물 ETN
520064,미래에셋 2X 미국채울트라30년 선물 ETN
310080,RISE 중국MSCI China(H)
472350,1Q 차이나H(H)
570063,한투 베트남 VN30 선물 ETN(H)
391600,ACE 미국친환경그린테마
432840,HANARO 미국S&P500
276000,TIGER 글로벌자원생산기업(합성 H)
456250,KODEX 유럽명품TOP10 STOXX
428560,KODEX 미국ETF산업Top10 Indxx
140910,에이리츠
580050,KB 차이나 과창판 STAR 50 ETN
225130,ACE 골드선물 레버리지(합성 H)
159800,마이티 코스피100
461900,PLUS 미국테크TOP10
300610,TIGER K게임
446700,RISE 배터리 리사이클링
137610,TIGER 농산물선물Enhanced(H)
461450,KODEX 코스닥글로벌
520043,미래에셋 S&P 유럽탄소배출권 선물 ETN
610039,메리츠 인버스 미국채30년 ETN(H)
463640,KODEX 미국S&P500유틸리티
483420,ACE 애플밸류체인액티브
570071,한투 구리 선물 ETN
465670,TIGER 미국캐시카우100
464920,PLUS 일본반도체소부장
530120,삼성 나스닥 100 TR ETN
496130,TRUSTON 코리아밸류업액티브
530139,삼성 iSelect 조선 TOP10 TR ETN
145850,TREX 펀더멘탈 200
610081,메리츠 레버리지 멕시코 페소화 ETN
117690,TIGER 차이나항셍30
145995,삼양사우
435040,ACE 글로벌브랜드TOP10
442580,PLUS 글로벌HBM반도체
510027,대신 인버스 2X 코스닥 150 선물 ETN
004255,NPC우
195920,TIGER 일본TOPIX(합성 H)
580044,KB 인버스 2X KOSDAQ 150 선물 ETN
275290,KODEX 가치주
295020,RISE 국채선물10년인버스
269370,TIGER S&P글로벌인프라(합성)
449580,RISE 테슬라애플아마존채권혼합
468370,KODEX iShares미국인플레이션국채액티브
610024,메리츠 인버스 미국채10년 ETN(H)
451150,에셋플러스 글로벌영에이지액티브
285690,FOCUS ESG리더스
453660,KODEX 미국S&P500경기소비재
520093,미래에셋 인버스 2X 은 선물 ETN B
084695,대상홀딩스우
277640,TIGER 코스피대형주
001067,JW중외제약2우B
391670,HK 베스트일레븐액티브
395150,KODEX 웹툰&드라마
570085,한투 블룸버그 인도네시아 대표원자재 ETN
496120,ACE 코리아밸류업
580014,KB 인버스 2X 나스닥 100 ETN
500028,신한 인버스 2X 다우존스지수 선물 ETN(H)
114460,ACE 국고채3년
282000,RISE 국고채3년선물인버스
453630,KODEX 미국S&P500필수소비재
610072,메리츠 KAP 레버리지 중국 위안화 ETN
404260,KODEX 기후변화솔루션
291890,KODEX MSCI EM선물(H)
570099,한투 S&P 인버스 2X 엔달러 선물 ETN(H)
760006,키움 KPOP ETN
487950,KODEX 대만테크고배당다우존스
252420,RISE 200선물인버스2X
451670,RISE 국채30년레버리지(합성)
395280,HANARO Fn K-게임
376410,TIGER 탄소효율그린뉴딜
453060,HANARO KOFR금리액티브(합성)
419420,KODEX 미국클린에너지나스닥
530125,삼성 인버스 2X 일본니케이225선물 ETN(H)
104520,KIWOOM 블루칩
153270,KIWOOM 코스피100
500080,신한 S&P 레버리지 유로 선물 ETN(H)
225060,TIGER 이머징마켓MSCI레버리지(합성 H)
610080,메리츠 멕시코 페소화 ETN
610009,메리츠 인버스 국채30년 ETN
530141,삼성 중국 자동차 TOP5 TR ETN(H)
530123,삼성 일본니케이225선물 ETN(H)
510016,대신 천연가스 선물 ETN(H)
003075,코오롱글로벌우
530142,삼성 중국 AI 테크 TOP5 TR ETN(H)
292500,SOL KRX300
131890,ACE 삼성그룹동일가중
610049,메리츠 국채5년 ETN
192720,파워 고배당저변동성
430500,KIWOOM 물가채KIS
520085,미래에셋 -2X 미국 AI TOP3 ETN
446690,KODEX 아시아AI반도체exChina액티브
520061,미래에셋 인도네시아 Top5 ETN
292160,TIGER KRX300
500078,신한 S&P 유로 선물 ETN(H)
442560,RISE TDF2040액티브
570074,한투 S&P 유럽탄소배출권 선물 ETN(H)
610071,메리츠 KAP 중국 위안화 ETN
610057,메리츠 3X 레버리지 국채5년 ETN
610059,메리츠 3X 레버리지 국채10년 ETN
530095,삼성 구리 선물 ETN(H)
364690,KODEX 혁신기술테마액티브
230480,KIWOOM 미국달러선물인버스2X
452440,VITA 밸류알파액티브
610045,메리츠 국채3년 ETN
610074,메리츠 미국채10년 ETN
570073,한투 인버스 2X 구리 선물 ETN
610030,메리츠 S&P 유럽탄소배출권 선물 ETN(H)
610055,메리츠 3X 레버리지 국채3년 ETN
463690,KODEX 미국S&P500커뮤니케이션
445910,TIGER MKF배당귀족
498050,HANARO 바이오코리아액티브
138530,TIGER LG그룹+펀더멘털
500086,신한 코스닥 150 TR ETN
000225,유유제약1우
610032,메리츠 CSI 300 ETN
469790,KIWOOM K-테크TOP10
140710,KODEX 운송
610033,메리츠 STAR 50 ETN
580065,KB 코스닥 150 TR ETN
760020,키움 레버리지 리츠부동산인프라 ETN
760015,키움 레버리지 바이오TOP10 ETN
580059,KB 미국채 10년 ETN
580060,KB 레버리지 미국채 10년 ETN
610077,메리츠 미국채30년 ETN
494340,ACE 글로벌AI맞춤형반도체
610020,메리츠 인버스 국채10년 ETN
610067,메리츠 블룸버그 2X 천연가스선물 ETN(H) B
413930,WON AI ESG액티브
375760,HANARO 탄소효율그린뉴딜
610087,메리츠 솔랙티브 WTI원유 선물 ETN(H)
610068,메리츠 KAP 일본 엔화 ETN
289260,TIGER MSCI KOREA ESG리더스
530114,삼성 인버스 2X S&P500 선물 ETN
500097,신한 레버리지 Russell 2000 ETN B
269530,PLUS S&P글로벌인프라
760019,키움 리츠부동산인프라 ETN
530127,삼성 미국다우존스 TR ETN
281990,RISE 중소형고배당
004105,태양금속우
500079,신한 S&P 인버스 유로 선물 ETN(H)
530132,삼성 블룸버그 WTI원유 선물 ETN B
550096,N2 레버리지 국채30년 ETN
004835,덕성우
550095,N2 레버리지 국채10년 ETN
610082,메리츠 인도 루피화 ETN
570108,한투 레버리지국채30년 ETN
580063,KB 레버리지 미국채 10년 선물 ETN
337120,KODEX 멀티팩터
520046,미래에셋 레버리지 옥수수 선물 ETN
183710,RISE 주식혼합
610094,메리츠 천연가스 선물 ETN(H)
510015,대신 밀 선물 ETN(H)
610083,메리츠 레버리지 인도 루피화 ETN
610092,메리츠 인버스 일본 국채 10년 ETN
610093,메리츠 인버스 3X 일본 국채 10년 ETN
001515,SK증권우
487920,ACE 인도시장대표BIG5그룹액티브
229720,KODEX KTOP30
390400,KODEX 미국스마트모빌리티S&P
610090,메리츠 일본 국채 10년 ETN
251590,PLUS 고배당저변동50
580061,KB 미국채 30년 ETN
225800,KIWOOM 미국달러선물레버리지
610051,메리츠 인버스 국채5년 ETN
570096,한투 인버스 2X 일본 엔선물 ETN
530056,삼성 인버스 2X 금 선물 ETN(H)
700033,하나 K방산TOP10 ETN
610091,메리츠 3X 레버리지 일본 국채 10년 ETN
215620,HK S&P코리아로우볼
460270,KIWOOM 미국달러SOFR금리액티브(합성)
108590,TREX 200
006345,대원전선우
385710,TIMEFOLIO K이노베이션액티브
181480,ACE 미국부동산리츠(합성 H)
457930,BNK 미래전략기술액티브
395760,PLUS ESG성장주액티브
530137,삼성 KRX 2차전지 TOP10 TR ETN
610070,메리츠 KAP 인버스 2X 일본 엔화 ETN
580064,KB 인버스 2X 미국채 10년 선물 ETN
610084,메리츠 미국채30년 스트립 ETN(H)
289040,KODEX MSCI KOREA ESG유니버설
480460,WON 한국부동산TOP3플러스
140580,RISE 우량업종대표주
500081,신한 S&P 인버스 2X 유로 선물 ETN(H)
610056,메리츠 인버스 3X 국채3년 ETN
261110,TIGER 미국달러선물레버리지
429740,PLUS K리츠
500098,신한 인버스 2X Russell 2000 ETN B
570094,한투 일본 엔선물 ETN C
289250,TIGER MSCI KOREA ESG유니버설
610086,메리츠 인버스2X 미국채30년 스트립 ETN(H)
217780,TIGER 차이나CSI300인버스(합성)
487130,KoAct AI인프라액티브
610029,메리츠 인버스 2X 구리 선물 ETN(H)
550043,N2 인버스 레버리지 WTI원유 선물 ETN(H)
001065,JW중외제약우
550070,N2 인버스 레버리지 구리 선물 ETN(H)
400590,SOL 글로벌탄소배출권선물ICE(합성)
610058,메리츠 인버스 3X 국채5년 ETN
367740,HANARO Fn5G산업
520084,미래에셋 -2X 미국 자율주행대표기업 ETN
484890,SOL 머니마켓액티브
001755,한양증권우
610035,메리츠 레버리지 대표 농산물 선물 ETN(H)
580062,KB 레버리지 미국채 30년 ETN
570092,한투 인버스 2X 유로스탁스50 ETN(H) B
411540,SOL 200 Top10
570111,한투 3X레버리지미국채30년 ETN
227830,PLUS 코스피
438740,마이다스 중소형액티브
304760,HANARO KRX300
424460,HANARO 글로벌워터MSCI(합성)
253280,RISE 헬스케어
610079,메리츠 인버스 3X 미국채30년 ETN
244620,KODEX 모멘텀Plus
570110,한투 3X레버리지국채30년 ETN
610076,메리츠 인버스 3X 미국채10년 ETN
234310,RISE V&S셀렉트밸류
580051,KB 레버리지 밀 선물 ETN
474390,SOL 국고채30년액티브
375270,RISE 글로벌데이터센터리츠(합성)
570109,한투 레버리지미국채30년 ETN
462340,에셋플러스 글로벌다이나믹시니어액티브
500055,신한 인버스 Russell 2000 ETN
760012,키움 반도체TOP10 ETN
315270,TIGER 200커뮤니케이션서비스
570097,한투 S&P 엔달러 선물 ETN(H)
610073,메리츠 KAP 인버스 2X 중국 위안화 ETN
449680,TIGER 한중전기차(합성)
760021,키움 코스피200 선물 달러노출 ETN
499150,SOL 미국S&P500엔화노출(H)
004985,성신양회우
700011,하나 레버리지 옥수수 선물 ETN(H)
610060,메리츠 인버스 3X 국채10년 ETN
580035,KB S&P 유럽탄소배출권 선물 ETN(H)
570095,한투 레버리지 일본 엔선물 ETN C
494210,SOL 미국500타겟데일리커버드콜액티브
530096,삼성 인버스 구리 선물 ETN(H)
252650,KODEX 200동일가중
530135,삼성 인버스 China A50 선물 ETN(H) B
399580,RISE 글로벌클린에너지
360150,KODEX 코스닥150롱코스피200숏선물
580032,KB 레버리지 구리 선물 ETN(H)
530060,삼성 코스피 양매도 5% OTM ETN
292050,RISE KRX300
182490,TIGER 단기선진하이일드(합성 H)
488210,KIWOOM K-반도체북미공급망
500036,신한 인버스 2X 미국달러 선물 ETN
404650,SOL KRX기후변화솔루션
570101,한투 인버스 나스닥100 ETN B
280920,PLUS 주도업종
279540,KODEX 최소변동성
270800,RISE KQ고배당
429010,TIGER 미국나스닥넥스트100
174350,TIGER 로우볼
464600,SOL 자동차소부장Fn
464060,HANARO 글로벌반도체TOP10 SOLACTIVE
237440,TIGER 경기방어채권혼합
570053,한투 인버스 플래티넘 선물 ETN
000325,노루홀딩스우
368680,KODEX K-뉴딜디지털플러스
500067,신한 레버리지 10년 국채선물 ETN
166400,TIGER 200커버드콜OTM
610034,메리츠 대표 농산물 선물 ETN(H)
485810,TIMEFOLIO 글로벌안티에이징바이오액티브
267440,RISE 미국장기국채선물(H)
435550,KIWOOM TDF2050액티브
497520,ACE 일라이릴리밸류체인
219900,ACE 중국본토CSI300레버리지(합성)
441330,KIWOOM 차이나A50커넥트MSCI
760014,키움 바이오TOP10 ETN
217770,TIGER 원유선물인버스(H)
435540,KIWOOM TDF2040액티브
461580,TIGER 코스닥글로벌
373790,KIWOOM 미국방어배당성장나스닥
227570,TIGER 우량가치
500041,신한 인버스 2X 구리 선물 ETN
497510,ACE 글로벌빅파마
442550,RISE TDF2030액티브
530092,삼성 인버스 코스피 200 선물 ETN
426330,KIWOOM 미국ETF산업STOXX
380340,ACE Fn5G플러스
474800,KIWOOM 미국원유에너지기업
570098,한투 S&P 레버리지 엔달러 선물 ETN(H)
225030,TIGER 미국S&P500선물인버스(H)
488290,마이다스 일본테크액티브
292770,KODEX 국채선물3년인버스
205720,ACE 일본TOPIX인버스(합성 H)
307510,TIGER 의료기기
488480,RISE 일본섹터TOP4Plus
530094,삼성 인버스 코스닥 150 선물 ETN
510043,대신 인버스 천연가스 선물 ETN(H) B
476260,HANARO 반도체핵심공정주도주
570091,한투 인버스 유로스탁스50 ETN(H) C
570056,한투 인버스 금 선물 ETN
381570,HANARO Fn친환경에너지
227550,TIGER 200 산업재
228820,TIGER KTOP30
394350,KIWOOM 글로벌퓨처모빌리티
316300,ACE 싱가포르리츠
500068,신한 인버스 2X 10년 국채선물 ETN
435530,KIWOOM TDF2030액티브
490330,KoAct 미국뇌질환치료제액티브
267490,RISE 미국장기국채선물레버리지(합성 H)
429980,SOL 한국형글로벌전기차&2차전지액티브
289670,PLUS 국채선물10년
580019,KB 인버스 2X 항셍테크 선물 ETN
256450,PLUS 심천차이넥스트(합성)
189400,PLUS 글로벌MSCI(합성 H)
450180,KODEX 한중전기차(합성)
570058,한투 인버스 은 선물 ETN
400580,SOL 유럽탄소배출권선물S&P(H)
225050,TIGER 유로스탁스레버리지(합성 H)
176950,KODEX 국채선물10년인버스
570066,한투 인버스 2X 베트남 VN30 선물 ETN(H)
570064,한투 인버스 베트남 VN30 선물 ETN(H)
460280,KIWOOM Fn유전자혁신기술
456200,PLUS 미국달러SOFR금리액티브(합성)
570060,한투 인버스 2X 금 선물 ETN
610023,메리츠 레버리지 미국채10년 ETN(H)
090355,노루페인트우
580053,KB 레버리지 콩 선물 ETN
413220,SOL 차이나태양광CSI(합성)
491630,RISE 미국반도체인버스(합성 H)
140570,RISE 수출주
487750,BNK 온디바이스AI
700025,하나 블룸버그 2X 천연가스 선물 ETN(H) B
433250,UNICORN R&D 액티브
483020,KIWOOM 의료AI
000545,흥국화재우
139290,TIGER 200 경기소비재
373490,KODEX 코리아혁신성장액티브
401590,HANARO 글로벌탄소배출권선물ICE(합성)
469530,RISE 미국달러선물인버스
469160,ACE 일본반도체
489860,KIWOOM 글로벌전력GRID인프라
498610,RISE 인도디지털성장
244670,KODEX 밸류Plus
304670,KODEX 미국30년국채울트라선물인버스(H)
301400,PLUS 코스닥150
007575,일양약품우
488200,KIWOOM K-2차전지북미공급망
530084,삼성 인버스 금 선물 ETN(H)
610062,메리츠 인버스 3X 국채30년 ETN
482030,KoAct 테크핵심소재공급망액티브
266390,KODEX 경기소비재
402460,HANARO Fn K-메타버스MZ
226380,ACE Fn성장소비주도주
432600,RISE 국채선물3년
295000,RISE 국채선물10년
466810,BNK 2차전지양극재
261060,TIGER 코스닥150IT
437370,RISE 글로벌농업경제
000145,하이트진로홀딩스우
314700,HANARO 농업융복합산업
500070,신한 인버스 2X 코스피 200 선물 ETN
105010,TIGER 라틴35
267450,RISE 미국장기국채선물인버스(H)
610013,메리츠 인버스 2X 금 선물 ETN(H)
138920,KODEX 콩선물(H)
459370,SOL 유럽탄소배출권선물인버스ICE(H)
520069,미래에셋 -2X 홍콩H 선물 ETN(H)
397420,RISE 국채선물5년추종
261920,ACE MSCI필리핀(합성)
005745,크라운해태홀딩스우
550063,N2 인버스 레버리지 금 선물 ETN(H)
321410,KODEX 멀티에셋하이인컴(H)
139240,TIGER 200 철강소재
530090,삼성 인버스 은 선물 ETN(H)
334690,RISE 팔라듐선물(H)
483030,KIWOOM 미국블록버스터바이오테크의약품+
481200,SOL 미국테크TOP10인버스(합성)
476310,RISE 글로벌비만산업TOP2+
530062,삼성 인버스 2X 은 선물 ETN(H)
760010,키움 2차전지산업 ETN
220130,SOL 차이나강소기업CSI500(합성 H)
482870,HANARO 주주가치성장코리아액티브
580033,KB 인버스 2X 구리 선물 ETN(H)
292730,FOCUS KRX300
014825,동원시스템즈우
227560,TIGER 200 생활소비재
570070,한투 인버스 2X 플래티넘 선물 ETN
407300,HANARO Fn골프테마
476000,UNICORN 포스트IPO액티브
373530,PLUS 신흥국MSCI인버스(합성 H)
277650,TIGER 코스피중형주
580017,KB 인버스 2X S&P 500 선물 ETN
244660,KODEX 퀄리티Plus
700018,하나 인버스 2X 코스닥150 선물 ETN
001525,동양우
395750,PLUS ESG가치주액티브
004545,깨끗한나라우
005965,동부건설우
014285,금강공업우
570023,한투 인버스 2X S&P500 선물 ETN(H)
500057,신한 인버스 2X Russell 2000 ETN
404540,TIGER KRX기후변화솔루션
760011,키움 레버리지 2차전지산업 ETN
243890,TIGER 200에너지화학레버리지
008355,남선알미우
570062,한투 인버스 2X 은 선물 ETN
454180,KIWOOM 차이나내수소비TOP CSI
520011,미래에셋 인버스 원유선물혼합 ETN(H)
266550,PLUS 중형주저변동50
012205,계양전기우
530122,삼성 인버스 2X 항셍테크 TR ETN(H) B
253230,KIWOOM 200선물인버스2X
238670,PLUS 스마트베타Quality채권혼합
291680,RISE 차이나H선물인버스(H)
000227,유유제약2우B
500030,신한 인버스 2X 은 선물 ETN(H)
009415,태영건설우
280940,KODEX 골드선물인버스(H)
252410,RISE 200선물인버스
098560,TIGER 방송통신
011155,CJ씨푸드1우
002995,금호건설우
253160,PLUS 200선물인버스2X
610017,메리츠 인버스 2X 은 선물 ETN(H)
346000,HANARO KAP초장기국고채
550065,N2 인버스 레버리지 은 선물 ETN(H)
002785,진흥기업우B
291620,KIWOOM 코스닥150선물인버스
500051,신한 인버스 2X S&P500 선물 ETN
306530,HANARO 코스닥150선물레버리지
004415,서울식품우
580040,KB 인버스 2X KOSPI 200 선물 ETN
001527,동양2우B
580023,KB 인버스 2X 금 선물 ETN(H)
014915,성문전자우
470310,UNICORN 생성형AI강소기업액티브
306520,HANARO 200선물인버스
291630,KIWOOM 코스닥150선물레버리지
301410,PLUS 코스닥150선물인버스
002787,진흥기업2우B
253240,KIWOOM 200선물인버스
252000,TIGER 200동일가중
334700,RISE 팔라듐선물인버스(H)
465620,ACE 미국빅테크TOP7 Plus인버스(합성)
145670,ACE 인버스
550045,N2 인버스 레버리지 S&P500 ETN
275750,RISE 코스닥150선물인버스
412560,TIGER BBIG레버리지
500038,신한 인버스 2X 금 선물 ETN
580027,KB 인버스 2X 은 선물 ETN(H)
489010,PLUS 글로벌AI인프라
